,budget,method,hit_rate,test_acc,coverage
0,100,GA,0.116111,0.862913,0.0256162
1,100,PSO-S,0.0961111,0.866565,0.0328951
2,100,PSO-V,0.0977778,0.862917,0.0211682
3,100,GWO-S,0.0472222,0.846429,0.0341314
4,100,GWO-V,0.0344444,0.846733,0.0340693
5,100,WOA-S,0.0622222,0.853346,0.0306282
6,100,WOA-V,0.0455556,0.846369,0.0342981
7,100,SCA-S,0.0411111,0.849358,0.0335884
8,100,SCA-V,0.0411111,0.845361,0.0336451
9,100,RS,0.0472222,0.849883,0.0351107
10,100,EA,0.246111,0.857058,0.0171428
11,100,SFS,0.271111,0.848757,0.0197214
12,300,GA,0.426111,0.876306,0.0526067
13,300,PSO-S,0.312778,0.875271,0.072318
14,300,PSO-V,0.215556,0.874329,0.0404556
15,300,GWO-S,0.101667,0.863993,0.081512
16,300,GWO-V,0.107778,0.862636,0.087976
17,300,WOA-S,0.133889,0.861432,0.0653437
18,300,WOA-V,0.0983333,0.859131,0.0850245
19,300,SCA-S,0.136111,0.86344,0.0749058
20,300,SCA-V,0.101111,0.860053,0.0826167
21,300,RS,0.0977778,0.863234,0.0903381
22,300,EA,0.379444,0.872269,0.0313412
23,300,SFS,0.275556,0.84993,0.0198844
24,1000,GA,0.615,0.874727,0.0975762
25,1000,PSO-S,0.589444,0.875146,0.131822
26,1000,PSO-V,0.396111,0.875187,0.0696128
27,1000,GWO-S,0.223889,0.873873,0.160258
28,1000,GWO-V,0.221111,0.871197,0.191398
29,1000,WOA-S,0.249444,0.870347,0.122908
30,1000,WOA-V,0.212222,0.869223,0.181575
31,1000,SCA-S,0.379444,0.87614,0.145983
32,1000,SCA-V,0.217778,0.87301,0.1808
33,1000,RS,0.22,0.872477,0.195409
34,1000,EA,0.506111,0.871448,0.0535488
35,1000,SFS,0.267222,0.851831,0.0198844
36,3000,GA,0.718333,0.872276,0.151738
37,3000,PSO-S,0.715556,0.873483,0.204203
38,3000,PSO-V,0.513333,0.873842,0.102777
39,3000,GWO-S,0.358333,0.874555,0.256304
40,3000,GWO-V,0.35,0.873377,0.304449
41,3000,WOA-S,0.387222,0.874665,0.197878
42,3000,WOA-V,0.321111,0.874368,0.28858
43,3000,SCA-S,0.601667,0.873509,0.230627
44,3000,SCA-V,0.326111,0.875246,0.292108
45,3000,RS,0.346111,0.875099,0.3064
46,3000,EA,0.601111,0.871565,0.0813725
47,3000,SFS,0.27,0.849356,0.0198844
