,dataset,fold,d,local_optima,strict_local_optima,min_error_subsets,within_one_error
0,Breastcancer,0,9,23,23,6,0.0802348
1,Breastcancer,1,9,17,17,4,0.0782779
2,Breastcancer,2,9,21,21,1,0.0313112
3,Breastcancer,3,9,18,18,1,0.072407
4,Breastcancer,4,9,27,27,15,0.191781
5,CongressEW,0,16,226,226,2,0.00462348
6,CongressEW,1,16,202,202,583,0.293675
7,CongressEW,2,16,103,103,1800,0.166705
8,CongressEW,3,16,296,296,9,0.00421149
9,CongressEW,4,16,143,143,1,0.00115969
10,Exactly,0,13,297,297,1,0.000366256
11,Exactly,1,13,296,296,1,0.000122085
12,Exactly,2,13,255,255,1,0.00024417
13,Exactly,3,13,231,231,1,0.000122085
14,Exactly,4,13,268,268,1,0.000122085
15,Exactly2,0,13,263,263,2,0.000366256
16,Exactly2,1,13,285,285,1,0.000122085
17,Exactly2,2,13,329,329,1,0.000488341
18,Exactly2,3,13,298,298,1,0.000122085
19,Exactly2,4,13,295,295,4,0.00146502
20,HeartEW,0,13,208,208,6,0.00500549
21,HeartEW,1,13,144,144,1,0.00268587
22,HeartEW,2,13,135,135,2,0.000488341
23,HeartEW,3,13,188,188,1,0.00024417
24,HeartEW,4,13,120,120,3,0.00280796
25,Lymphography,0,18,1037,1037,7,0.000808719
26,Lymphography,1,18,954,954,1,0.00121689
27,Lymphography,2,18,468,468,8,0.00195695
28,Lymphography,3,18,766,766,120,0.00987247
29,Lymphography,4,18,706,706,11,0.00124741
30,M-of-n,0,13,72,72,5,0.000854597
31,M-of-n,1,13,42,42,4,0.000976682
32,M-of-n,2,13,65,65,3,0.000488341
33,M-of-n,3,13,82,82,5,0.000732511
34,M-of-n,4,13,37,37,3,0.000488341
35,SpectEW,0,22,3367,3367,1458,0.00486946
36,SpectEW,1,22,2508,2508,10,0.000136137
37,SpectEW,2,22,2703,2703,22,0.000331163
38,SpectEW,3,22,3607,3607,1,0.000219107
39,SpectEW,4,22,3444,3444,48,0.000255108
40,Tic-tac-toe,0,9,15,15,1,0.00195695
41,Tic-tac-toe,1,9,23,23,1,0.00195695
42,Tic-tac-toe,2,9,27,27,1,0.00195695
43,Tic-tac-toe,3,9,17,17,1,0.00195695
44,Tic-tac-toe,4,9,19,19,1,0.00195695
45,Vote,0,16,552,552,135,0.0242466
46,Vote,1,16,243,243,5247,0.316655
47,Vote,2,16,154,154,305,0.0693675
48,Vote,3,16,359,359,5,0.0125734
49,Vote,4,16,280,280,390,0.0522164
50,WineEW,0,13,170,170,45,0.0742278
51,WineEW,1,13,122,122,982,0.497986
52,WineEW,2,13,134,134,139,0.271273
53,WineEW,3,13,101,101,107,0.130875
54,WineEW,4,13,83,83,435,0.18325
55,Zoo,0,16,257,257,257,0.251957
56,Zoo,1,16,315,315,3954,0.25359
57,Zoo,2,16,404,404,2416,0.253559
58,Zoo,3,16,445,445,13127,0.492409
59,Zoo,4,16,370,370,834,0.109026
