dataset,top_fraction,val_acc,test_acc
Breastcancer,0.0001,0.976737,0.959938
Breastcancer,0.001,0.976737,0.959938
Breastcancer,0.01,0.97351,0.956206
Breastcancer,0.1,0.966283,0.955361
Breastcancer,1,0.940247,0.949995
CongressEW,0.0001,0.97551,0.943082
CongressEW,0.001,0.971948,0.943697
CongressEW,0.01,0.965453,0.945908
CongressEW,0.1,0.9552,0.943385
CongressEW,1,0.900268,0.902813
Exactly,0.0001,1,1
Exactly,0.001,0.969219,0.988
Exactly,0.01,0.804634,0.791854
Exactly,0.1,0.72174,0.682304
Exactly,1,0.649917,0.649869
Exactly2,0.0001,0.80625,0.716
Exactly2,0.001,0.792812,0.727125
Exactly2,0.01,0.777256,0.724634
Exactly2,0.1,0.760981,0.738534
Exactly2,1,0.722437,0.724224
HeartEW,0.0001,0.934884,0.762963
HeartEW,0.001,0.913372,0.761111
HeartEW,0.01,0.884685,0.774345
HeartEW,0.1,0.850867,0.773794
HeartEW,1,0.76221,0.757477
Lymphography,0.0001,0.950321,0.754439
Lymphography,0.001,0.936419,0.76041
Lymphography,0.01,0.904721,0.761824
Lymphography,0.1,0.85068,0.751783
Lymphography,1,0.726542,0.735236
M-of-n,0.0001,1,1
M-of-n,0.001,0.995,0.993125
M-of-n,0.01,0.93782,0.938988
M-of-n,0.1,0.857706,0.834465
M-of-n,1,0.737501,0.736333
SpectEW,0.0001,0.912527,0.779189
SpectEW,0.001,0.894458,0.771052
SpectEW,0.01,0.872535,0.761091
SpectEW,0.1,0.842796,0.753879
SpectEW,1,0.767489,0.745238
Tic-tac-toe,0.0001,0.84183,0.788094
Tic-tac-toe,0.001,0.84183,0.788094
Tic-tac-toe,0.01,0.819085,0.770365
Tic-tac-toe,0.1,0.777701,0.752951
Tic-tac-toe,1,0.677794,0.682443
Vote,0.0001,0.97381,0.934762
Vote,0.001,0.971149,0.931818
Vote,0.01,0.963645,0.927761
Vote,0.1,0.945905,0.923256
Vote,1,0.878575,0.883927
WineEW,0.0001,1,0.921111
WineEW,0.001,1,0.918591
WineEW,0.01,0.996777,0.929818
WineEW,0.1,0.976036,0.936655
WineEW,1,0.893856,0.91879
Zoo,0.0001,1,0.88551
Zoo,0.001,1,0.906277
Zoo,0.01,0.992405,0.913509
Zoo,0.1,0.965628,0.912187
Zoo,1,0.854138,0.869986
