,dataset,fold,exhaustive_L_reported,leaky_ceiling,exhaustive_N_test,exhaustive_N_val,n_optimal
0,Breastcancer,0,0.992857,0.992857,0.964286,0.964286,1
1,Breastcancer,1,0.964286,0.964286,0.942857,0.991071,1
2,Breastcancer,2,0.992857,0.992857,0.978571,0.982143,1
3,Breastcancer,3,0.985714,0.985714,0.957143,0.972973,1
4,Breastcancer,4,0.985612,0.985612,0.940647,0.973214,4
5,CongressEW,0,0.988506,0.988506,0.954023,0.957143,1
6,CongressEW,1,0.988506,0.988506,0.908046,0.985714,1
7,CongressEW,2,0.988506,0.988506,0.977011,1,3
8,CongressEW,3,0.977011,0.977011,0.827586,0.957143,1
9,CongressEW,4,0.988372,0.988372,0.930233,1,1
10,Exactly,0,1,1,1,1,1
11,Exactly,1,1,1,1,1,1
12,Exactly,2,1,1,1,1,1
13,Exactly,3,1,1,1,1,1
14,Exactly,4,1,1,1,1,1
15,Exactly2,0,0.795,0.795,0.745,0.79375,1
16,Exactly2,1,0.79,0.79,0.705,0.8125,1
17,Exactly2,2,0.795,0.795,0.735,0.8125,1
18,Exactly2,3,0.785,0.785,0.68,0.825,1
19,Exactly2,4,0.79,0.79,0.715,0.7875,1
20,HeartEW,0,0.888889,0.888889,0.722222,0.883721,1
21,HeartEW,1,0.87037,0.87037,0.685185,0.953488,1
22,HeartEW,2,0.925926,0.925926,0.796296,0.953488,1
23,HeartEW,3,1,1,0.851852,0.930233,1
24,HeartEW,4,0.907407,0.907407,0.759259,0.953488,1
25,Lymphography,0,0.866667,0.866667,0.7,1,1
26,Lymphography,1,0.966667,0.966667,0.833333,1,1
27,Lymphography,2,1,1,0.75,0.958333,2
28,Lymphography,3,0.965517,0.965517,0.770115,0.958333,3
29,Lymphography,4,0.931034,0.931034,0.758621,0.958333,1
30,M-of-n,0,1,1,1,1,1
31,M-of-n,1,1,1,1,1,1
32,M-of-n,2,1,1,1,1,1
33,M-of-n,3,1,1,1,1,1
34,M-of-n,4,1,1,1,1,1
35,SpectEW,0,0.962963,0.962963,0.833333,0.883721,1
36,SpectEW,1,0.87037,0.87037,0.685185,0.906977,1
37,SpectEW,2,0.90566,0.90566,0.849057,0.976744,1
38,SpectEW,3,0.90566,0.90566,0.716981,0.976744,1
39,SpectEW,4,0.943396,0.943396,0.830189,0.906977,1
40,Tic-tac-toe,0,0.838542,0.838542,0.765625,0.862745,1
41,Tic-tac-toe,1,0.859375,0.859375,0.755208,0.843137,1
42,Tic-tac-toe,2,0.848958,0.848958,0.848958,0.836601,1
43,Tic-tac-toe,3,0.837696,0.837696,0.764398,0.849673,1
44,Tic-tac-toe,4,0.842932,0.842932,0.806283,0.816993,1
45,Vote,0,1,1,0.966667,0.979167,1
46,Vote,1,0.966667,0.966667,0.9,1,1
47,Vote,2,1,1,0.955556,0.979167,6
48,Vote,3,1,1,0.966667,0.979167,2
49,Vote,4,0.983333,0.983333,0.891667,0.9375,2
50,WineEW,0,1,1,0.944444,1,1
51,WineEW,1,1,1,0.895833,1,8
52,WineEW,2,1,1,0.944444,1,1
53,WineEW,3,1,1,0.935714,1,4
54,WineEW,4,1,1,0.907143,1,4
55,Zoo,0,1,1,0.833333,1,2
56,Zoo,1,1,1,0.8,1,3
57,Zoo,2,1,1,0.95,1,5
58,Zoo,3,1,1,0.9,1,2
59,Zoo,4,1,1,0.95,1,2
