,method,control,median_diff_pp,p,median_A12,p_holm
0,GA,EA,0.0362282,0.15625,0.519044,1
1,PSO-S,EA,0.00708367,0.164062,0.515933,1
2,PSO-V,EA,0.465928,0.25,0.514522,1
3,GWO-S,EA,0.223936,0.413086,0.479856,1
4,GWO-V,EA,-0.0574713,0.898438,0.503444,1
5,WOA-S,EA,0.164943,0.375,0.501378,1
6,WOA-V,EA,0.0945221,0.953125,0.491578,1
7,SCA-S,EA,0,0.109375,0.497322,1
8,SCA-V,EA,0.307657,0.464844,0.507544,1
9,GA,SFS,0.877358,0.266113,0.536267,1
10,PSO-S,SFS,0.850575,0.264648,0.530767,1
11,PSO-V,SFS,-0.0188559,0.423828,0.507167,1
12,GWO-S,SFS,0.190426,0.519531,0.510867,1
13,GWO-V,SFS,-0.0833333,0.380371,0.488333,1
14,WOA-S,SFS,0.342593,0.423828,0.508744,1
15,WOA-V,SFS,-0.393491,0.62207,0.470978,1
16,SCA-S,SFS,0.622605,0.233398,0.5239,1
17,SCA-V,SFS,0.142593,0.339355,0.497333,1
