dataset,GA,PSO-S,PSO-V,GWO-S,GWO-V,WOA-S,WOA-V,SCA-S,SCA-V,RS,EA,SFS
Breastcancer,0.773333,0.793333,0.466667,0.753333,0.913333,0.633333,0.84,0.766667,0.866667,0.926667,0.606667,0.4
CongressEW,0.36,0.333333,0.2,0.0266667,0.00666667,0.0933333,0.00666667,0.113333,0.02,0.0266667,0.38,0.08
Exactly,1,1,0.773333,0.186667,0.126667,0.12,0.12,0.68,0.133333,0.146667,0.82,0.00666667
Exactly2,0.32,0.34,0.193333,0.113333,0.153333,0.0933333,0.14,0.206667,0.126667,0.12,0.126667,0.0266667
HeartEW,0.433333,0.506667,0.226667,0.106667,0.106667,0.0933333,0.133333,0.266667,0.1,0.133333,0.206667,0.0733333
Lymphography,0.133333,0.133333,0.0533333,0.00666667,0,0.04,0.0266667,0.0333333,0.00666667,0,0.213333,0.113333
M-of-n,1,1,0.9,0.193333,0.0933333,0.12,0.0666667,0.606667,0.133333,0.08,0.993333,0.293333
SpectEW,0.113333,0,0.0133333,0,0,0.00666667,0,0,0,0,0.0733333,0
Tic-tac-toe,0.94,0.886667,0.606667,0.8,0.866667,0.733333,0.84,0.84,0.826667,0.846667,0.666667,0.62
Vote,0.98,0.793333,0.56,0.0933333,0.0333333,0.393333,0.0266667,0.286667,0.0466667,0.0333333,0.853333,0.5
WineEW,0.813333,0.82,0.533333,0.353333,0.313333,0.58,0.32,0.586667,0.293333,0.266667,0.646667,0.746667
Zoo,0.513333,0.466667,0.226667,0.0533333,0.04,0.0866667,0.0266667,0.166667,0.06,0.06,0.486667,0.346667
