dataset,GA,PSO-S,PSO-V,GWO-S,GWO-V,WOA-S,WOA-V,SCA-S,SCA-V,RS,EA,SFS,ALL
Breastcancer,0.984265,0.984265,0.984265,0.984265,0.984265,0.984265,0.984265,0.984265,0.984265,0.984265,0.982826,0.978541,0.96853
CongressEW,0.981582,0.979284,0.976958,0.976958,0.974659,0.976958,0.976958,0.976958,0.975809,0.976958,0.978121,0.975809,0.935472
Exactly,1,1,1,0.9935,0.978,0.9635,0.9605,1,0.9655,0.9695,1,0.8035,0.726
Exactly2,0.782,0.7825,0.777,0.782,0.781,0.7795,0.78,0.782,0.782,0.781,0.774,0.77,0.734
HeartEW,0.907407,0.911111,0.901852,0.903704,0.9,0.896296,0.898148,0.903704,0.9,0.9,0.896296,0.896296,0.796296
Lymphography,0.925517,0.932414,0.925517,0.918851,0.918851,0.915517,0.918851,0.922184,0.912184,0.918851,0.925517,0.898621,0.790115
M-of-n,1,1,1,1,0.9965,0.989,0.993,1,0.996,0.997,1,0.9815,0.878
SpectEW,0.897065,0.891405,0.891405,0.87645,0.87645,0.87645,0.87645,0.887701,0.87645,0.87645,0.891405,0.880224,0.760238
Tic-tac-toe,0.845501,0.845501,0.845501,0.845501,0.845501,0.845501,0.845501,0.845501,0.845501,0.845501,0.845501,0.845501,0.83299
Vote,0.983333,0.983333,0.98,0.978333,0.98,0.976667,0.978333,0.983333,0.978333,0.976667,0.98,0.976667,0.913333
WineEW,1,1,1,1,1,1,1,1,1,1,1,0.997143,0.96619
Zoo,1,1,1,1,1,1,1,1,1,1,1,0.99,0.950476
