dataset,d,n,classes,smallest_class,duplicate_rows,conflicting_duplicates,subsets,B0_coverage_pct,mean_optimal_subsets,all_features_test_acc,exhaustive_N_test_acc
Breastcancer,9,699,2,241,235,0,511,100,1.6,0.96853,0.956701
CongressEW,16,434,2,167,146,1,65535,1.5259,1.4,0.935472,0.91938
Exactly,13,1000,2,312,70,0,8191,12.2085,1,0.726,1
Exactly2,13,1000,2,242,53,0,8191,12.2085,1,0.734,0.716
HeartEW,13,270,2,120,0,0,8191,12.2085,1,0.796296,0.762963
Lymphography,18,148,4,2,0,0,262143,0.381471,1.6,0.790115,0.762414
M-of-n,13,1000,2,369,56,0,8191,12.2085,1,0.878,1
SpectEW,22,267,2,55,39,9,4194303,0.0238419,1,0.760238,0.782949
Tic-tac-toe,9,958,2,332,0,0,511,100,1,0.83299,0.788094
Vote,16,300,2,116,46,0,65535,1.5259,2.4,0.913333,0.936111
WineEW,13,178,3,48,0,0,8191,12.2085,3.6,0.96619,0.925516
Zoo,16,101,7,4,42,0,65535,1.5259,2.8,0.950476,0.886667
