method,control,rope_pp,mean_diff_pp,p_control_better,p_equivalent,p_method_better
GA,EA,1,0.327902,0,0.99942,0.00058
GA,EA,0.5,0.327902,0.00556,0.6868,0.30764
PSO-S,EA,1,0.369803,0,0.98514,0.01486
PSO-S,EA,0.5,0.369803,2e-05,0.74252,0.25746
PSO-V,EA,1,0.373911,0.00038,0.98354,0.01608
PSO-V,EA,0.5,0.373911,0.0339,0.30606,0.66004
GWO-S,EA,1,0.242532,2e-05,0.99678,0.0032
GWO-S,EA,0.5,0.242532,0.01968,0.74392,0.2364
GWO-V,EA,1,-0.0250965,0.02582,0.97316,0.00102
GWO-V,EA,0.5,-0.0250965,0.0649,0.7589,0.1762
WOA-S,EA,1,-0.110095,0.04574,0.90318,0.05108
WOA-S,EA,0.5,-0.110095,0.1817,0.40106,0.41724
WOA-V,EA,1,-0.222485,0.11212,0.87442,0.01346
WOA-V,EA,0.5,-0.222485,0.33128,0.3531,0.31562
SCA-S,EA,1,0.469188,0,0.99572,0.00428
SCA-S,EA,0.5,0.469188,0,0.6995,0.3005
SCA-V,EA,1,0.156229,0.00876,0.9799,0.01134
SCA-V,EA,0.5,0.156229,0.09926,0.5294,0.37134
GA,SFS,1,2.28955,0.00496,0.72084,0.2742
GA,SFS,0.5,2.28955,0.0828,0.1634,0.7538
PSO-S,SFS,1,2.33145,0.00302,0.73552,0.26146
PSO-S,SFS,0.5,2.33145,0.08872,0.09772,0.81356
PSO-V,SFS,1,2.33555,0.00036,0.82476,0.17488
PSO-V,SFS,0.5,2.33555,0.1007,0.06376,0.83554
GWO-S,SFS,1,2.20418,0.00044,0.76132,0.23824
GWO-S,SFS,0.5,2.20418,0.09562,0.17892,0.72546
GWO-V,SFS,1,1.93655,0,0.8924,0.1076
GWO-V,SFS,0.5,1.93655,0.14694,0.066,0.78706
WOA-S,SFS,1,1.85155,0,0.8021,0.1979
WOA-S,SFS,0.5,1.85155,0.02446,0.27828,0.69726
WOA-V,SFS,1,1.73916,0.02278,0.71448,0.26274
WOA-V,SFS,0.5,1.73916,0.24988,0.02674,0.72338
SCA-S,SFS,1,2.43083,0.0013,0.67698,0.32172
SCA-S,SFS,0.5,2.43083,0.09136,0.03418,0.87446
SCA-V,SFS,1,2.11787,0,0.80272,0.19728
SCA-V,SFS,0.5,2.11787,0.05224,0.2077,0.74006
