dataset,fold,table,checked,mismatches,optimum,n_optimal_subsets,sklearn_error_agreement
Breastcancer,0,val,320,0,4,6,0.7342192691029901
Breastcancer,0,test,327,0,1,18,0.7242524916943521
Breastcancer,1,val,328,0,1,4,0.8471760797342193
Breastcancer,1,test,324,0,5,2,0.7774086378737541
Breastcancer,2,val,325,0,2,1,0.8073089700996677
Breastcancer,2,test,334,0,1,11,0.7441860465116279
Breastcancer,3,val,327,0,3,1,0.8172757475083057
Breastcancer,3,test,327,0,2,2,0.6810631229235881
Breastcancer,4,val,325,0,3,15,0.7807308970099668
Breastcancer,4,test,322,0,2,1,0.7009966777408638
CongressEW,0,val,1962,0,3,2,0.813953488372093
CongressEW,0,test,1961,0,1,1,0.7641196013289037
CongressEW,1,val,2167,0,1,583,0.8372093023255814
CongressEW,1,test,1971,0,1,1,0.6677740863787376
CongressEW,2,val,2168,0,0,1800,0.8106312292358804
CongressEW,2,test,2166,0,1,1381,0.7408637873754153
CongressEW,3,val,1975,0,3,9,0.8006644518272426
CongressEW,3,test,1972,0,2,6,0.6877076411960132
CongressEW,4,val,1969,0,0,1,0.813953488372093
CongressEW,4,test,1989,0,1,23,0.7009966777408638
Exactly,0,val,1760,0,0,1,0.3289036544850498
Exactly,0,test,1760,0,0,2,0.32558139534883723
Exactly,1,val,1781,0,0,1,0.3089700996677741
Exactly,1,test,1783,0,0,2,0.2956810631229236
Exactly,2,val,1763,0,0,1,0.34219269102990035
Exactly,2,test,1765,0,0,3,0.3654485049833887
Exactly,3,val,1784,0,0,1,0.31893687707641194
Exactly,3,test,1784,0,0,1,0.30564784053156147
Exactly,4,val,1762,0,0,1,0.32558139534883723
Exactly,4,test,1763,0,0,3,0.2724252491694352
Exactly2,0,val,1761,0,33,2,0.42857142857142855
Exactly2,0,test,1761,0,41,2,0.34219269102990035
Exactly2,1,val,1782,0,30,1,0.3687707641196013
Exactly2,1,test,1783,0,42,2,0.33554817275747506
Exactly2,2,val,1763,0,30,1,0.3920265780730897
Exactly2,2,test,1763,0,41,1,0.36212624584717606
Exactly2,3,val,1784,0,28,1,0.38870431893687707
Exactly2,3,test,1786,0,43,3,0.3588039867109635
Exactly2,4,val,1763,0,34,4,0.3388704318936877
Exactly2,4,test,1761,0,42,1,0.2857142857142857
HeartEW,0,val,1763,0,5,6,0.9667774086378738
HeartEW,0,test,1761,0,6,2,0.9601328903654485
HeartEW,1,val,1782,0,2,1,0.9568106312292359
HeartEW,1,test,1782,0,7,1,0.9667774086378738
HeartEW,2,val,1763,0,2,2,0.9534883720930233
HeartEW,2,test,1762,0,4,2,0.9302325581395349
HeartEW,3,val,1784,0,3,1,0.9435215946843853
HeartEW,3,test,1783,0,0,1,0.9601328903654485
HeartEW,4,val,1764,0,2,3,0.9767441860465116
HeartEW,4,test,1763,0,5,5,0.9601328903654485
Lymphography,0,val,1996,0,0,7,0.7641196013289037
Lymphography,0,test,2088,0,4,102,0.7574750830564784
Lymphography,1,val,1995,0,0,1,0.6179401993355482
Lymphography,1,test,2195,0,1,214,0.5647840531561462
Lymphography,2,val,2000,0,1,8,0.7508305647840532
Lymphography,2,test,1998,0,0,6,0.7574750830564784
Lymphography,3,val,2112,0,1,120,0.6013289036544851
Lymphography,3,test,2004,0,1,9,0.7342192691029901
Lymphography,4,val,2004,0,1,11,0.7674418604651163
Lymphography,4,test,2007,0,2,14,0.4750830564784053
M-of-n,0,val,1762,0,0,5,0.4186046511627907
M-of-n,0,test,1763,0,0,5,0.3588039867109635
M-of-n,1,val,1784,0,0,4,0.3687707641196013
M-of-n,1,test,1787,0,0,6,0.3388704318936877
M-of-n,2,val,1765,0,0,3,0.3687707641196013
M-of-n,2,test,1765,0,0,4,0.3588039867109635
M-of-n,3,val,1786,0,0,5,0.4053156146179402
M-of-n,3,test,1788,0,0,7,0.3521594684385382
M-of-n,4,val,1764,0,0,3,0.3787375415282392
M-of-n,4,test,1763,0,0,4,0.3388704318936877
SpectEW,0,val,2200,0,5,1458,0.7807308970099668
SpectEW,0,test,2001,0,2,1,0.7308970099667774
SpectEW,1,val,2011,0,4,10,0.6810631229235881
SpectEW,1,test,2011,0,7,10,0.6245847176079734
SpectEW,2,val,2022,0,1,22,0.6910299003322259
SpectEW,2,test,2122,0,5,123,0.6644518272425249
SpectEW,3,val,2002,0,1,1,0.7375415282392026
SpectEW,3,test,2042,0,5,41,0.6445182724252492
SpectEW,4,val,2049,0,4,48,0.7740863787375415
SpectEW,4,test,2022,0,3,21,0.6943521594684385
Tic-tac-toe,0,val,322,0,21,1,0.292358803986711
Tic-tac-toe,0,test,321,0,31,1,0.3554817275747508
Tic-tac-toe,1,val,324,0,24,1,0.32558139534883723
Tic-tac-toe,1,test,323,0,27,1,0.23920265780730898
Tic-tac-toe,2,val,324,0,25,1,0.33222591362126247
Tic-tac-toe,2,test,326,0,29,2,0.3089700996677741
Tic-tac-toe,3,val,328,0,23,1,0.2823920265780731
Tic-tac-toe,3,test,327,0,31,1,0.2691029900332226
Tic-tac-toe,4,val,322,0,28,1,0.31561461794019935
Tic-tac-toe,4,test,322,0,30,2,0.2956810631229236
Vote,0,val,2092,0,1,135,0.8106312292358804
Vote,0,test,2170,0,0,393,0.7109634551495017
Vote,1,val,2167,0,0,5247,0.8272425249169435
Vote,1,test,1973,0,2,2,0.6677740863787376
Vote,2,val,2164,0,1,305,0.7940199335548173
Vote,2,test,1980,0,0,3,0.7574750830564784
Vote,3,val,1971,0,1,5,0.7807308970099668
Vote,3,test,2026,0,0,61,0.8106312292358804
Vote,4,val,2157,0,3,390,0.7674418604651163
Vote,4,test,2006,0,1,43,0.7308970099667774
WineEW,0,val,1789,0,0,45,0.9335548172757475
WineEW,0,test,1913,0,0,2675,0.9501661129568106
WineEW,1,val,1935,0,0,982,0.893687707641196
WineEW,1,test,1943,0,0,546,0.9335548172757475
WineEW,2,val,1873,0,0,139,0.9568106312292359
WineEW,2,test,1911,0,0,345,0.9269102990033222
WineEW,3,val,1849,0,0,107,0.8637873754152824
WineEW,3,test,1841,0,0,87,0.920265780730897
WineEW,4,val,1936,0,0,435,0.8837209302325582
WineEW,4,test,1878,0,0,147,0.9302325581395349
Zoo,0,val,2164,0,0,257,0.6511627906976745
Zoo,0,test,2162,0,0,1970,0.6777408637873754
Zoo,1,val,2164,0,0,3954,0.574750830564784
Zoo,1,test,2160,0,0,419,0.8172757475083057
Zoo,2,val,2165,0,0,2416,0.6777408637873754
Zoo,2,test,2169,0,0,12031,0.7475083056478405
Zoo,3,val,2151,0,0,13127,0.6910299003322259
Zoo,3,test,2155,0,0,664,0.8837209302325582
Zoo,4,val,2156,0,0,834,0.6245847176079734
Zoo,4,test,2158,0,0,4467,0.707641196013289
