dataset,fold,d,subsets,n_inner_train,n_inner_val,n_outer_train,n_outer_test,opt_val_errors,opt_test_errors,seconds,sha256_val,sha256_test
Breastcancer,0,9,511,447,112,559,140,4,1,0.48,ed9afb0d1351d82236bcb85c4a29167fec2b6600dccafdf356018a289aee77d8,3ec705cdf5939daaf44cbac6b35befe5d6c6a50cb3b09802963c36eb9bb106de
Breastcancer,1,9,511,447,112,559,140,1,5,0.06,352cac06376e83572d4871994c46426597e17221aa133a2338d73cc369a740b5,7037e1801058d0bcdf939de45bc8945beadd2de3255fc48a13be170ed26b1fda
Breastcancer,2,9,511,447,112,559,140,2,1,0.08,dece869cb9ef1417ef795432bc27c5958a22e3f5d9e0e43dc71bc055f37c4055,38dd11f4217367f239de298d0bee4e8987851c8ef8f03c80985a8812f7e41e16
Breastcancer,3,9,511,448,111,559,140,3,2,0.06,65d10a780ef9160b7921f0d5d84682ff09542f605f6e6213d8910de598c73589,64eabf004be5c53a96c5eae4647d24e76e04428bdfe73a8bdb390891dcc0d19e
Breastcancer,4,9,511,448,112,560,139,3,2,0.06,844b474c9cb7a28a3fa3ad1f1d2f9394eef0a7488273439c71694dae875b5735,196d1732d60eb6deef5a183a7ef09dcf64e217c942680dcec0225f05eb099359
CongressEW,0,16,65535,277,70,347,87,3,1,3.43,fd0f54ec6c33c56b4b8ac488891497e88ecea908639ada739ad358d5a739f7aa,70dda84635a2535aad761268f472084c6de53d10404318a29a256131ee51b7bd
CongressEW,1,16,65535,277,70,347,87,1,1,3.62,e91b7b1b94d4b1342c5479d68fb2f953ea33d4c47e3039d432890cbe7cebdf89,7f6825bdaf25ba3cace193d2ede776dc03ad06af84080c0082cfe4ff9a3ddfc0
CongressEW,2,16,65535,277,70,347,87,0,1,3.64,f1db7346ad64bb70532e29fd509416d01704f4774bd0cefcbca71b657e3f250d,4e17ca12195c762169c2278f2f4b6d0e65281d120a7766820eb6d71ec8b5b940
CongressEW,3,16,65535,277,70,347,87,3,2,3.54,96130fe839a20efcc797360ed90a34fe5ab4e49f5b68b4789ccde20cb1cb1e97,ca52ff3ad9f631cc9f60208f8c649c396a285f8b3e664337558d63e85938df64
CongressEW,4,16,65535,278,70,348,86,0,1,3.45,81c165867a934c12bf11ae0cd3cec21c66ce26f3b0b8ca6265686ed53484af95,deeafd0ded5f0b3cdf1cd16d488ad2d9ebbca99002a9e33956841d903366ca05
Exactly,0,13,8191,640,160,800,200,0,0,1.95,529e8f0dfeeb0774a55c67baa905b1fe9f4e3e09fbf5fa9131688174254df307,0fa98658ce003fc8da3cc301ea4bc1bc681a3994d342bbcab438c44bf0963465
Exactly,1,13,8191,640,160,800,200,0,0,1.93,8b289aea1e84aa39035cd9cbec149a6e57c79bc4f0a60f90b7e47ffbdef045f0,462d3decaca439b7b03bf04995246095931f208ebdf7afa2bddc72af3d00516d
Exactly,2,13,8191,640,160,800,200,0,0,2.02,0e7f1edc7e6eedfa8c6deb33851e463baba0509b703cdb9ae33961e6dac697cd,a73232844d93a74f32c2ee5ba7ea4f26f912acd267c1527c55f760e3c88d19e9
Exactly,3,13,8191,640,160,800,200,0,0,3.3,b71f2de8751581145cbf3ec343bd074a98be979f91d494170f4daa2ec8e9386a,d0274f8755d37e884d8b3fb7780dc44272aad3b6791676624fd172d803da26b8
Exactly,4,13,8191,640,160,800,200,0,0,4.74,cfd983d11c98e59bc85760403e73406c88ddf49785b115215c70caa1400850bb,752560a8a7def13231ac57668602992de65f3294a054865c921a646260d7e929
Exactly2,0,13,8191,640,160,800,200,33,41,2.75,d0089d002aa118bb4934c985cb52701bd0f47a94386ed9886bed01cee53d2f24,37f191727a51b89068e6cefb6c76332a1be05f9708b4c7c0435fccaefa3f0ff7
Exactly2,1,13,8191,640,160,800,200,30,42,3.33,c00db35721dfc25069ddfdbc35503d186f3244c380b2884e875c9a6f88ae6d50,9bf05109c1fc0804bdc6eae43df59599c2fe446a0e0da501548fe131d71062d2
Exactly2,2,13,8191,640,160,800,200,30,41,2.54,6717487c5f27feb5d37fc1b21bb0ca06bdf1cf2bcdda5f0e5b7d7028c6ad323d,4f715e4be6812dca8eafe2ba49947d3a28f542536316a89eb50eef3747da3e98
Exactly2,3,13,8191,640,160,800,200,28,43,2.72,226b0c45dd1cac6df39dad2d01341052bde87d26eba92026850635f9a98b0617,c77ad20300541b820bdd5863579d79fcfa5639641b6e4ea4738c248dde89f13d
Exactly2,4,13,8191,640,160,800,200,34,42,3.1,8b14dd321d5e33cc6fd1499b657717517b2ea7178b4817b4e280303a9a74c04a,88d43f35f90e49fe443fd430714b6bae2cf6afb8ecb5cb23a438ab4ae0bb98ba
HeartEW,0,13,8191,173,43,216,54,5,6,0.33,b6f42841a0c4149a0e76f6d8b41f3541775d523f34f271a94df440afa274ee3a,1ff8d7951d9034b562953561cace18e062c52003e4755822aafd1e67e919b63c
HeartEW,1,13,8191,173,43,216,54,2,7,0.49,707961f6b06b9cfcb638b54701b9c219ceaf6defcac6f3087d161cbc5a231d19,a3252a6ca685de57773242f9a0809a3a3a654d2750fa2b240eb5f3e7610c1acb
HeartEW,2,13,8191,173,43,216,54,2,4,0.25,1fde8a3d18d0f2808e689e2f4de26d9fa499d9e58911fea284b7bb93bf0e5b08,78454dd08cfa139d6f4bc14182916206eebce16276dd61ab07c23adc03539cd4
HeartEW,3,13,8191,173,43,216,54,3,0,0.29,b77087a3d1840d0c474de2aadbefc82b42037d2dd4f176b78705d8fd5eca48e2,3873f5f66fcc00c90d5af7f24f3c47c9b9959d5e5bdad941d76362d33c12c864
HeartEW,4,13,8191,173,43,216,54,2,5,0.22,02940f1f401fa1bed702313e1548a8d96b3a3b9c1b2446b101b254a4abd1df57,bdf387e760b32308e8e9e2a261754a5b96c99b2499f2aff3f07cbf5396f7b622
Lymphography,0,18,262143,94,24,118,30,0,4,3.33,e5615867f7ad7933fd540d4edc9e4b8222e067b8021e892e48222d552a9b2dba,b131cde461913b9988ea3d248467a0a2f7ea2c1d9f7e241ec2816efe7c6456c0
Lymphography,1,18,262143,94,24,118,30,0,1,3.55,4a3cc02566316d5bc1b1433ff708f0d619519e3d747cc1ca65d862be1f8ffb95,a89afc9c12979d551474759e6aed16fdd5a23d38d656be1e553891d421da358a
Lymphography,2,18,262143,94,24,118,30,1,0,3.31,e92230ddd840b56daaba53d515b5f3d8e09968416864d22b17396d6c39139b44,1120b6eb35d8358dc2d0a8e40717b729cc212ebcfabe1c02983e6f0f4cab3f22
Lymphography,3,18,262143,95,24,119,29,1,1,2.74,fad012b90d86f270ca5d176009c2123f3c3283489fbaf1b66f882231f9b3eb42,8c4ccead62a40b8aa53a144aee80e55c8b85bcb5908fee3b6ee00f5c6211d3d0
Lymphography,4,18,262143,95,24,119,29,1,2,2.84,e9bdd7bd05cc2e2beeb871323f85189810c33945e5681e4131483324709c2e93,119cd31144e3beff1ab0d410f718c14b7cc7f8ca419fced7e2ef75d5aa18a4a0
M-of-n,0,13,8191,640,160,800,200,0,0,2.11,e45e5d9ce8fc1d4859b7401599429bfe631f3a9ffd81d355967740dcb6ec764e,d2509373a1cf0aad142f5ff11d8466949af74eb16a47d2cbac8b3c1c7d25f7af
M-of-n,1,13,8191,640,160,800,200,0,0,2.12,532da48590274c153e7ea36162328da135aa4f65ac722a3b4986de6884ccfd3f,6fb5b4af94140547e6368961d96eca79dee94268402cc8abc412756d2c13f72b
M-of-n,2,13,8191,640,160,800,200,0,0,2.48,d2d02a83de5caf2ea4173a02de2b35f694bfa5528fbfe0852edbaa1c663b61ba,0d65e7cb43dcfee26b30ab181a652be2535a1bad33d1eced38d81cdec9be29fc
M-of-n,3,13,8191,640,160,800,200,0,0,2.35,3e9b7b1af049f408e8fedf25c9d6dabaf2a392df0f0c3963f606b24b0dfa9ae3,7d74b05123a33589a19c698a29e9c81d514176af14381b35170fafedf5c6192f
M-of-n,4,13,8191,640,160,800,200,0,0,2.41,41fc72309323ed80883fb63941641b35fddf473bf74e195caf0f3303ac0459bd,2b048947c0b1194cd0b282a210431a84d2a0205c8bfc6f5d8ab0d2b5576d8c14
SpectEW,0,22,4194303,170,43,213,54,5,2,131.77,c27690fb110500ce016c1daa6afd366ceeb2c0e0d814dd7ebf34afb9cd74f235,1702825035167baa9a58ecee4dff3806e0b79f7c5358822a1774ecbbc0dffe3d
SpectEW,1,22,4194303,170,43,213,54,4,7,160.65,662b760f7a26e02dd5cece8c22b1e7f69d451960d7edf0e037e083ee290e9355,1391490aa689e7393f0dc08b2741c0813c528b7c27fefe82c928e14bdb3a1a00
SpectEW,2,22,4194303,171,43,214,53,1,5,176.72,9d4bc87c5d2301c0a2413cf78cf096cdffac2ddde81e8c7e70085afd956e898c,e5ff4bf76a2edf1fb64e0b8b19cad4ce77f012435b90fb0cd338892161a99114
SpectEW,3,22,4194303,171,43,214,53,1,5,199.69,c10715560ff3654d62a7bb81011bd7531fbccafcdf23cc4a1caa1828e3380406,0ce2cd9125eb163c412e73b942138d05ceb31884bbb2728fd0478f75a93dada9
SpectEW,4,22,4194303,171,43,214,53,4,3,212.57,988cebc73a8c9a99723959149f1083be20a1df5b73ca849527f0ad529390d819,095e82c36bf2426d62e64d7e72782cec639f8be969f7fd5dc2585b3b1b525e59
Tic-tac-toe,0,9,511,613,153,766,192,21,31,0.19,a41e279ef10843d58b88b19a164de457abb32ea93ca771c32fdb123560c22140,56ebb7199e8c30fc7f62d11f0912a88589e2455d0c4f4886df28f96772478e39
Tic-tac-toe,1,9,511,613,153,766,192,24,27,0.2,4520e22e4c4ba3a49030cee52f64d3a1ef6f424d06b553a95d27eefd12f8783e,b025dacc17a02939a7ea326a025d9f7ec707271ce93bb085322049c4f8913751
Tic-tac-toe,2,9,511,613,153,766,192,25,29,0.21,e97afc4ceaf11993dc6703311d6d7faec75c2438cbb9db712ef351dffc6b80e5,2f7880146d16611636885507ed205b374d48c02a212b03c77619ea688ba8a128
Tic-tac-toe,3,9,511,614,153,767,191,23,31,0.24,f15a08901a57b0f3203f7942a57b81cf662a5a5ec3756e7369bd65f4b66c35ff,f0eec90799edc1ba49c29af7f16594f108cef9ff23a9f8c1d37107376150dc2e
Tic-tac-toe,4,9,511,614,153,767,191,28,30,0.22,f9c6abe70439d87e1dc0f7b2efd6c2e4d7c7d4d3dc46b3822c32d6012007427c,172be8205254cf73c51883658b7efa179cd8dd7dad9459a1a01a1b60be233ab4
Vote,0,16,65535,192,48,240,60,1,0,4.02,44bc33dd95ea3cfe289b43d9b1b2cbe7b334e71cb24fde2dc2f3470bd998946c,a77579598d4c7bcf9f9f9b5c3d93dc4a140116ac5af933e5017640b8e1230c8e
Vote,1,16,65535,192,48,240,60,0,2,5.78,d4d811d192ed65a6f01ee8510368d0b06031bd4f6f817b9d55b6c436e94bff5f,0d8230d3fd53e294119452f65e5c779becfce66e2bdfb108aeb9091a9d10bb57
Vote,2,16,65535,192,48,240,60,1,0,5.55,df1d0d747961fff103e449a580166db76d2ce5eb0f0a3e59353dbfa4a642961f,2726ac4ef4cc9b9faaf3a585f079896e4a74777a827616f5518e54554a7548c1
Vote,3,16,65535,192,48,240,60,1,0,4.15,0c1c3c813f8d2d7ecfffbe8f12264243cb03e2f348d12501438dd63ce7b879d2,2438a6dab35ef35716012c412d8588c193c0d2559ec4d47eee6a40b63253a01d
Vote,4,16,65535,192,48,240,60,3,1,3.48,9b85acb6a22720aeb9d9445dc9ecfdd997766a29e672e878cc4e794d9ea2fd9c,3ed184f879a8047561c7e454774e6cfb4642fe09878f267184ad4d49e7ae0dca
WineEW,0,13,8191,114,28,142,36,0,0,0.17,31456b25ab3074b71c0e14b64810f150d51bb2353ec5dd5b3f3fd971b2c918ee,1d1a57d1e5a1969aa439e776ed2a337a15c1ae21b6f550862c871f31672bcdb4
WineEW,1,13,8191,114,28,142,36,0,0,0.16,93b3b191c69d6933c10ccfbb9912277f94cf8b0ab160bafa584c60b80d91e355,74962772837109e9a6a171abda9c5ccaae4bc1ea53338d7404c23705bd7142c3
WineEW,2,13,8191,114,28,142,36,0,0,0.19,92f131f48d77df7d06c8d96da8a3dc2337e633651668a896eca0d96e9a590a25,78a881e5087b1b1f85029a8fce9c3f18e5357d90e75b69fe48d4adcff0f517bc
WineEW,3,13,8191,115,28,143,35,0,0,0.19,c861df6dea6a7b82f9b07a36a7779d7d6b6f3ca30edd5214fa9ba52e8d965035,c9dcf183014e4f801de2402c03e7f748dc7262098bff353d2046e82489ead696
WineEW,4,13,8191,114,29,143,35,0,0,0.2,1e30b2746a9989a395b9d331e61033e732e3c24024e18a7c2d977ab9790a4ef4,7095030b948f05f112cf306e0b259fdab2ef176f0455360e12b756f502e65a92
Zoo,0,16,65535,64,16,80,21,0,0,0.46,75361b5205f017a9e014801dac3b4f14b5cc63a3f5c631128ab528c7117cb3a8,9f96b5b6674ee7bbd67aa2e2e7ccb778586737221d37fad93d321b577a0631b8
Zoo,1,16,65535,64,17,81,20,0,0,0.48,cc2d6c0ffdfdc91f8d40c518f45b1ea8dfd998ea21026704680bd0da2d7d6ac5,fbff633ad107b8a454a21783faa5803b51d5935a68ce1228a910ce06be737763
Zoo,2,16,65535,64,17,81,20,0,0,0.45,bf017df7d8ee66199182725451f599d25c979c4e11ffe941a6714ae843c589d8,7b4441b6143e63233843a63111e4a83bfcbdf7db023672fafd127418c04b404a
Zoo,3,16,65535,64,17,81,20,0,0,0.58,6c7237bb8f22a350a2bbf31bf1d6edb0998191485c9e4ed850b44d5a2af55747,e6da12b26ddd9c05b3ecacf06dee63e8f1524ce7125acf1b59bd3318542d8cdf
Zoo,4,16,65535,64,17,81,20,0,0,0.45,b0e31346024a41694d1a459cebe0dda837866c97748e4d18b9cdd68cffce4b79,d5c50ff8d611cd3c2eb4a65ab1fa48529d66c333050695e881ddb0314694ce35
