dataset,file,sha256,n,published_n,d,published_d,classes,smallest_class,class_counts,duplicate_rows,conflicting_duplicates,exact_reference
Breastcancer,BreastCancer.csv,bef99a25326296b87719f20eb342bb0f1b6afd41c6d67a4e0b02bca241143855,699,699,9,9,2,241,458/241,235,0,True
BreastEW,BreastEW.csv,8dbf1252e4dfa45e8e804925491c6f3e3e02a6fdc08185ca5d300adeff8812b3,568,569,30,30,2,211,211/357,0,0,False
CongressEW,CongressEW.csv,39ee7c117b7ed6b79cbb55428c4efc7e49912bb29ebbadaa1fdfc6ed02b8fcc5,434,435,16,16,2,167,167/267,146,1,True
Exactly,Exactly.csv,b480dd7bc1f6163c390d9a6a18ef5353aba3e51f2843c885fe775286a370d88d,1000,1000,13,13,2,312,688/312,70,0,True
Exactly2,Exactly2.csv,d25a06f06e5e6208419d3adf32330b57ac6938b11984f50db817390bca85b3f3,1000,1000,13,13,2,242,758/242,53,0,True
HeartEW,HeartEW.csv,018b5717cca84982d96c5de78526b38c4a7e6d61cfa2d53e61feff92cd6e59ad,270,270,13,13,2,120,150/120,0,0,True
IonosphereEW,Ionosphere.csv,9c55e275ab3d288318b754010b4e9353c358f1273eb8739e76355a9f8cf741a4,351,351,34,34,2,126,225/126,1,0,False
KrvskpEW,KrVsKpEW.csv,1becfbb94cb7aed7f23a813b52388a6d0bd638fc8b22354efe9f0f8dc690f094,3196,3196,36,36,2,1527,1669/1527,0,0,False
Lymphography,Lymphography.csv,bea21bcdf35a8a365673fef24852999caa67e7c1f88f13d20c3fa5801c25e9b4,148,148,18,18,4,2,2/81/61/4,0,0,True
M-of-n,M-of-n.csv,466bac9caafd1c674909e7591e8fcfbfb9ece1dafb73d7c395cd154a9d776849,1000,1000,13,13,2,369,369/631,56,0,True
PenglungEW,PenglungEW.csv,7c121c98472c5e7f772c9a78fc1cf31b78773049580e60a90bb39faf49b263aa,73,73,325,325,7,5,6/5/5/16/7/13/21,0,0,False
SonarEW,Sonar.csv,12b176898783571bb5be4c96925904cd8e0deb622c27570a5d3c924e99722fca,208,208,60,60,2,97,97/111,0,0,False
SpectEW,SpectEW.csv,e0522ddcb6bcdb1630331c269adb5737a9d12caf7cfc037e146aca42e2628215,267,267,22,22,2,55,55/212,39,9,True
Tic-tac-toe,Tic-tac-toe.csv,fada36fb2f0db47a16da1db7ec7d9aa4ab18047ff923f9b5676c1c3cf4ebb9c3,958,958,9,9,2,332,626/332,0,0,True
Vote,Vote.csv,0278ea9c92476f74d5be4fad69f3e646d2b2ea2c08dcc4da2f9fdba39c3dec1e,300,300,16,16,2,116,116/184,46,0,True
WaveformEW,WaveformEW.csv,98911aee4ec829536a9884ae8f523a73da3557857a9a2d86ccb95a959c66d1f7,5000,5000,40,40,3,1653,1692/1653/1655,0,0,False
WineEW,Wine.csv,0506bb8cf16d1774b389925eb6e5f654919df300225b4c9b5b5b7f078e76a4c6,178,178,13,13,3,48,59/71/48,0,0,True
Zoo,Zoo.csv,39b870a4edc8fdc6ebd7ce107c7b26945463a3b83780bebbae8942ffd73733cb,101,101,16,16,7,4,41/20/5/13/4/8/10,42,0,True
